danceability,energy,key,loudness,mode,speechiness,acousticness,instrumentalness,liveness,valence,tempo,type,id,uri,track_href,analysis_url,duration_ms,time_signature,title,artist_id,artist_name
0.825,0.663,2,-9.414,1,0.0687,0.423,0.415,0.286,0.417,116.051,audio_features,4TNFLwe6DhtR3Wn1JKMqMJ,spotify:track:4TNFLwe6DhtR3Wn1JKMqMJ,https://api.spotify.com/v1/tracks/4TNFLwe6DhtR3Wn1JKMqMJ,https://api.spotify.com/v1/audio-analysis/4TNFLwe6DhtR3Wn1JKMqMJ,248987,4,Makeba,2HHmvvSQ44ePDH7IKVzgK0,Jain
0.823,0.388,1,-10.867,1,0.491,0.0187,0.0,0.0876,0.507,154.569,audio_features,7sliFe6W30tPBPh6dvZsIH,spotify:track:7sliFe6W30tPBPh6dvZsIH,https://api.spotify.com/v1/tracks/7sliFe6W30tPBPh6dvZsIH,https://api.spotify.com/v1/audio-analysis/7sliFe6W30tPBPh6dvZsIH,139326,4,Area Codes,6BgdroP3f57LfPZvWcNWdq,Kaliii
0.777,0.601,2,-5.931,1,0.126,0.0406,0.00201,0.0348,0.68,97.911,audio_features,3XKIUb7HzIF1Vu9usunMzc,spotify:track:3XKIUb7HzIF1Vu9usunMzc,https://api.spotify.com/v1/tracks/3XKIUb7HzIF1Vu9usunMzc,https://api.spotify.com/v1/audio-analysis/3XKIUb7HzIF1Vu9usunMzc,261973,4,Maria Maria (feat. The Product G&B),6GI52t8N5F02MxU0g5U69P,Santana
0.558,0.559,6,-9.222,1,0.0959,0.371,7.49e-06,0.109,0.62,78.558,audio_features,7KA4W4McWYRpgf0fWsJZWB,spotify:track:7KA4W4McWYRpgf0fWsJZWB,https://api.spotify.com/v1/tracks/7KA4W4McWYRpgf0fWsJZWB,https://api.spotify.com/v1/audio-analysis/7KA4W4McWYRpgf0fWsJZWB,180387,4,See You Again (feat. Kali Uchis),4V8LLVI7PbaPR0K2TGSxFF,"Tyler, The Creator"
0.508,0.43,2,-9.475,0,0.0335,0.83,0.000441,0.093,0.324,130.09,audio_features,1odExI7RdWc4BT515LTAwj,spotify:track:1odExI7RdWc4BT515LTAwj,https://api.spotify.com/v1/tracks/1odExI7RdWc4BT515LTAwj,https://api.spotify.com/v1/audio-analysis/1odExI7RdWc4BT515LTAwj,212954,4,Daylight,33NVpKoXjItPwUJTMZIOiY,David Kushner
0.571,0.458,4,-9.283,1,0.0258,0.544,9.27e-05,0.123,0.299,132.025,audio_features,5LrN7yUQAzvthd4QujgPFr,spotify:track:5LrN7yUQAzvthd4QujgPFr,https://api.spotify.com/v1/tracks/5LrN7yUQAzvthd4QujgPFr,https://api.spotify.com/v1/audio-analysis/5LrN7yUQAzvthd4QujgPFr,242485,4,Here With Me,5y8tKLUfMvliMe8IKamR32,d4vd
0.593,0.352,4,-8.296,1,0.0284,0.695,2.22e-05,0.3,0.226,119.988,audio_features,50x1Ic8CaXkYNvjmxe3WXy,spotify:track:50x1Ic8CaXkYNvjmxe3WXy,https://api.spotify.com/v1/tracks/50x1Ic8CaXkYNvjmxe3WXy,https://api.spotify.com/v1/audio-analysis/50x1Ic8CaXkYNvjmxe3WXy,220750,3,Those Eyes,69bG9tC62d8oTFC9aTTosn,New West
0.74,0.758,1,-5.851,0,0.0921,0.061,1.44e-06,0.0967,0.757,171.925,audio_features,73RbfOTJIjHzi2pcVHjeHM,spotify:track:73RbfOTJIjHzi2pcVHjeHM,https://api.spotify.com/v1/tracks/73RbfOTJIjHzi2pcVHjeHM,https://api.spotify.com/v1/audio-analysis/73RbfOTJIjHzi2pcVHjeHM,189825,4,What It Is (Solo Version),4E2rKHVDssGJm2SCDOMMJB,Doechii
0.783,0.592,11,-8.332,0,0.0331,0.435,4.15e-06,0.347,0.726,120.018,audio_features,7FbrGaHYVDmfr7KoLIZnQ7,spotify:track:7FbrGaHYVDmfr7KoLIZnQ7,https://api.spotify.com/v1/tracks/7FbrGaHYVDmfr7KoLIZnQ7,https://api.spotify.com/v1/audio-analysis/7FbrGaHYVDmfr7KoLIZnQ7,174253,4,Cupid - Twin Ver.,4GJ6xDCF5jaUqD6avOuQT6,FIFTY FIFTY
0.954,0.516,6,-5.817,1,0.16,0.03,7.54e-06,0.0504,0.624,105.001,audio_features,6UN73IYd0hZxLi8wFPMQij,spotify:track:6UN73IYd0hZxLi8wFPMQij,https://api.spotify.com/v1/tracks/6UN73IYd0hZxLi8wFPMQij,https://api.spotify.com/v1/audio-analysis/6UN73IYd0hZxLi8wFPMQij,139560,4,Players,6AMd49uBDJfhf30Ak2QR5s,Coi Leray
0.672,0.642,5,-4.035,1,0.0313,0.0981,0.0,0.1,0.494,121.981,audio_features,1daDRI9ahBonbWD8YcxOIB,spotify:track:1daDRI9ahBonbWD8YcxOIB,https://api.spotify.com/v1/tracks/1daDRI9ahBonbWD8YcxOIB,https://api.spotify.com/v1/audio-analysis/1daDRI9ahBonbWD8YcxOIB,196453,4,Angels Like You,5YGY8feqx7naU7z4HrwZM6,Miley Cyrus
0.515,0.593,4,-4.801,1,0.0322,0.653,0.162,0.25,0.153,94.467,audio_features,5odlY52u43F5BjByhxg7wg,spotify:track:5odlY52u43F5BjByhxg7wg,https://api.spotify.com/v1/tracks/5odlY52u43F5BjByhxg7wg,https://api.spotify.com/v1/audio-analysis/5odlY52u43F5BjByhxg7wg,209260,3,golden hour,164Uj4eKjl6zTBKfJLFKKK,JVKE
0.418,0.31,11,-9.869,0,0.0625,0.095,0.0,0.216,0.131,139.614,audio_features,22I3h5AOENlH4CqXJsEbFR,spotify:track:22I3h5AOENlH4CqXJsEbFR,https://api.spotify.com/v1/tracks/22I3h5AOENlH4CqXJsEbFR,https://api.spotify.com/v1/audio-analysis/22I3h5AOENlH4CqXJsEbFR,260170,4,Collide (feat. Tyga),0jUQSUOcM7lxVn5eVGTkzQ,Justine Skye
0.639,0.723,7,-6.462,0,0.0532,0.511,0.0,0.167,0.878,136.872,audio_features,2i2gDpKKWjvnRTOZRhaPh2,spotify:track:2i2gDpKKWjvnRTOZRhaPh2,https://api.spotify.com/v1/tracks/2i2gDpKKWjvnRTOZRhaPh2,https://api.spotify.com/v1/audio-analysis/2i2gDpKKWjvnRTOZRhaPh2,187558,4,Moonlight,1U1el3k54VvEUzo3ybLPlM,Kali Uchis
0.734,0.58,9,-6.619,0,0.0321,0.238,0.0006,0.0298,0.962,119.336,audio_features,1Hv1VTm8zeOeybub15mA2R,spotify:track:1Hv1VTm8zeOeybub15mA2R,https://api.spotify.com/v1/tracks/1Hv1VTm8zeOeybub15mA2R,https://api.spotify.com/v1/audio-analysis/1Hv1VTm8zeOeybub15mA2R,258693,4,Smooth Operator - Single Version,47zz7sob9NUcODy0BTDvKx,Sade
0.684,0.607,11,-8.127,0,0.1,0.0267,0.000307,0.191,0.498,81.001,audio_features,0JXXNGljqupsJaZsgSbMZV,spotify:track:0JXXNGljqupsJaZsgSbMZV,https://api.spotify.com/v1/tracks/0JXXNGljqupsJaZsgSbMZV,https://api.spotify.com/v1/audio-analysis/0JXXNGljqupsJaZsgSbMZV,195373,4,Sure Thing,360IAlyVv4PCEVjgyMZrxK,Miguel
0.582,0.525,1,-7.163,0,0.0627,0.111,0.0,0.134,0.51,133.249,audio_features,2Ch7LmS7r2Gy2kc64wv3Bz,spotify:track:2Ch7LmS7r2Gy2kc64wv3Bz,https://api.spotify.com/v1/tracks/2Ch7LmS7r2Gy2kc64wv3Bz,https://api.spotify.com/v1/audio-analysis/2Ch7LmS7r2Gy2kc64wv3Bz,260253,4,Die For You,1Xyo4u8uXC1ZmMpatF05PJ,The Weeknd
0.551,0.55,10,-5.339,1,0.0286,0.777,0.0,0.202,0.342,101.19,audio_features,1Y3LN4zO1Edc2EluIoSPJN,spotify:track:1Y3LN4zO1Edc2EluIoSPJN,https://api.spotify.com/v1/tracks/1Y3LN4zO1Edc2EluIoSPJN,https://api.spotify.com/v1/audio-analysis/1Y3LN4zO1Edc2EluIoSPJN,176440,3,Until I Found You (with Em Beihold) - Em Beihold Version,5XKFrudbV4IiuE5WuTPRmT,Stephen Sanchez
0.572,0.839,4,-5.083,0,0.0377,0.013,0.00976,0.522,0.465,143.969,audio_features,7DbdUf8aHSYoliSjO6LZv6,spotify:track:7DbdUf8aHSYoliSjO6LZv6,https://api.spotify.com/v1/tracks/7DbdUf8aHSYoliSjO6LZv6,https://api.spotify.com/v1/audio-analysis/7DbdUf8aHSYoliSjO6LZv6,196784,4,"Sex, Drugs, Etc.",7I3bkknknQkIiatWiupQgD,Beach Weather
0.898,0.732,7,-3.982,1,0.0427,0.621,1.29e-05,0.0908,0.96,115.955,audio_features,6maTPqynTmrkWIralgGaoP,spotify:track:6maTPqynTmrkWIralgGaoP,https://api.spotify.com/v1/tracks/6maTPqynTmrkWIralgGaoP,https://api.spotify.com/v1/audio-analysis/6maTPqynTmrkWIralgGaoP,142759,4,If We Ever Broke Up,311uEW9rt5g2NmzjGEKS2E,Mae Stephens
0.847,0.622,1,-6.747,0,0.0903,0.119,0.0,0.285,0.22,130.001,audio_features,4rXLjWdF2ZZpXCVTfWcshS,spotify:track:4rXLjWdF2ZZpXCVTfWcshS,https://api.spotify.com/v1/tracks/4rXLjWdF2ZZpXCVTfWcshS,https://api.spotify.com/v1/audio-analysis/4rXLjWdF2ZZpXCVTfWcshS,125040,4,fukumean,2hlmm7s2ICUX0LVIhVFlZQ,Gunna
0.323,0.737,10,-4.008,1,0.0338,0.142,0.000162,0.163,0.155,113.26,audio_features,1cKHdTo9u0ZymJdPGSh6nq,spotify:track:1cKHdTo9u0ZymJdPGSh6nq,https://api.spotify.com/v1/tracks/1cKHdTo9u0ZymJdPGSh6nq,https://api.spotify.com/v1/audio-analysis/1cKHdTo9u0ZymJdPGSh6nq,241067,4,I Was Never There,1Xyo4u8uXC1ZmMpatF05PJ,The Weeknd
0.708,0.737,1,-4.045,1,0.0436,0.0739,0.00162,0.0955,0.607,91.986,audio_features,7ABLbnD53cQK00mhcaOUVG,spotify:track:7ABLbnD53cQK00mhcaOUVG,https://api.spotify.com/v1/tracks/7ABLbnD53cQK00mhcaOUVG,https://api.spotify.com/v1/audio-analysis/7ABLbnD53cQK00mhcaOUVG,197920,4,LALA,7iK8PXO48WeuP03g8YR51W,Myke Towers
0.538,0.742,2,-5.355,1,0.114,0.138,4.67e-05,0.0934,0.25,96.107,audio_features,5mHdCZtVyb4DcJw8799hZp,spotify:track:5mHdCZtVyb4DcJw8799hZp,https://api.spotify.com/v1/tracks/5mHdCZtVyb4DcJw8799hZp,https://api.spotify.com/v1/audio-analysis/5mHdCZtVyb4DcJw8799hZp,272373,4,Escapism.,5KKpBU5eC2tJDzf0wmlRp2,RAYE
0.671,0.876,7,-5.681,0,0.0352,0.12,0.188,0.0823,0.964,129.998,audio_features,23RoR84KodL5HWvUTneQ1w,spotify:track:23RoR84KodL5HWvUTneQ1w,https://api.spotify.com/v1/tracks/23RoR84KodL5HWvUTneQ1w,https://api.spotify.com/v1/audio-analysis/23RoR84KodL5HWvUTneQ1w,231545,4,(It Goes Like) Nanana - Edit,2mLA48B366zkELXYx7hcDN,Peggy Gou
0.704,0.797,0,-5.927,1,0.0475,0.0826,0.000745,0.0546,0.825,139.994,audio_features,4h9wh7iOZ0GGn8QVp4RAOB,spotify:track:4h9wh7iOZ0GGn8QVp4RAOB,https://api.spotify.com/v1/tracks/4h9wh7iOZ0GGn8QVp4RAOB,https://api.spotify.com/v1/audio-analysis/4h9wh7iOZ0GGn8QVp4RAOB,148486,4,I Ain't Worried,5Pwc4xIPtQLFEnJriah9YJ,OneRepublic
0.485,0.409,9,-10.711,0,0.101,0.325,0.0,0.103,0.376,138.419,audio_features,3hxIUxnT27p5WcmjGUXNwx,spotify:track:3hxIUxnT27p5WcmjGUXNwx,https://api.spotify.com/v1/tracks/3hxIUxnT27p5WcmjGUXNwx,https://api.spotify.com/v1/audio-analysis/3hxIUxnT27p5WcmjGUXNwx,164571,4,Shut up My Moms Calling,35WVTyRnKAoaGExqgktVyb,Hotel Ugly
0.423,0.857,2,-5.173,1,0.0687,0.188,2.63e-05,0.105,0.196,75.024,audio_features,4PMdq7Q7xOFrY424ZelZEb,spotify:track:4PMdq7Q7xOFrY424ZelZEb,https://api.spotify.com/v1/tracks/4PMdq7Q7xOFrY424ZelZEb,https://api.spotify.com/v1/audio-analysis/4PMdq7Q7xOFrY424ZelZEb,214574,4,Radio,00FQb4jTyendYWaN8pK0wa,Lana Del Rey
0.644,0.728,8,-5.75,1,0.0351,0.0543,0.169,0.161,0.43,88.993,audio_features,3OHfY25tqY28d16oZczHc8,spotify:track:3OHfY25tqY28d16oZczHc8,https://api.spotify.com/v1/tracks/3OHfY25tqY28d16oZczHc8,https://api.spotify.com/v1/audio-analysis/3OHfY25tqY28d16oZczHc8,153947,4,Kill Bill,7tYKF4w9nC0nq9CsPZTHyP,SZA
0.398,0.705,5,-7.07,0,0.0756,0.204,5.13e-05,0.443,0.635,111.487,audio_features,37vVp2sWHuuIBOSl1NswP6,spotify:track:37vVp2sWHuuIBOSl1NswP6,https://api.spotify.com/v1/tracks/37vVp2sWHuuIBOSl1NswP6,https://api.spotify.com/v1/audio-analysis/37vVp2sWHuuIBOSl1NswP6,145668,4,i'm yours,5arKwJZEvT5uKq4o0JfqR4,Isabel LaRosa
0.674,0.759,11,-8.234,0,0.0695,0.0784,0.472,0.296,0.109,134.038,audio_features,3vcLw8QA3yCOkrj9oLSZNs,spotify:track:3vcLw8QA3yCOkrj9oLSZNs,https://api.spotify.com/v1/tracks/3vcLw8QA3yCOkrj9oLSZNs,https://api.spotify.com/v1/audio-analysis/3vcLw8QA3yCOkrj9oLSZNs,133829,4,I Know - PR1SVX Edit,1S82w4yw9TYIHZ889mPPaW,Kanii
0.696,0.809,5,-8.254,1,0.05,0.252,0.000128,0.248,0.857,132.962,audio_features,6AQbmUe0Qwf5PZnt4HmTXv,spotify:track:6AQbmUe0Qwf5PZnt4HmTXv,https://api.spotify.com/v1/tracks/6AQbmUe0Qwf5PZnt4HmTXv,https://api.spotify.com/v1/audio-analysis/6AQbmUe0Qwf5PZnt4HmTXv,131013,4,Boy's a Liar Pt. 2,78rUTD7y6Cy67W1RVzYs7t,PinkPantheress
0.733,0.69,9,-5.529,0,0.0427,0.0635,1.18e-06,0.105,0.31,116.992,audio_features,5IgjP7X4th6nMNDh4akUHb,spotify:track:5IgjP7X4th6nMNDh4akUHb,https://api.spotify.com/v1/tracks/5IgjP7X4th6nMNDh4akUHb,https://api.spotify.com/v1/audio-analysis/5IgjP7X4th6nMNDh4akUHb,184613,4,Under The Influence,7bXgB6jMjp9ATFy66eO08Z,Chris Brown
0.726,0.353,10,-10.273,1,0.105,0.65,0.002,0.224,0.503,137.66,audio_features,2IlT65thKQQw248mhk2PjQ,spotify:track:2IlT65thKQQw248mhk2PjQ,https://api.spotify.com/v1/tracks/2IlT65thKQQw248mhk2PjQ,https://api.spotify.com/v1/audio-analysis/2IlT65thKQQw248mhk2PjQ,169014,4,JACKIE BROWN,3tlXnStJ1fFhdScmQeLpuG,Brent Faiyaz
0.686,0.897,11,-7.18,0,0.0386,0.0103,0.103,0.153,0.355,129.975,audio_features,0FA4wrjDJvJTTU8AepZTup,spotify:track:0FA4wrjDJvJTTU8AepZTup,https://api.spotify.com/v1/tracks/0FA4wrjDJvJTTU8AepZTup,https://api.spotify.com/v1/audio-analysis/0FA4wrjDJvJTTU8AepZTup,163139,4,Watch This - ARIZONATEARS Pluggnb Remix,4O15NlyKLIASxsJ0PrXPfz,Lil Uzi Vert
0.788,0.649,2,-9.674,1,0.0532,0.253,0.0136,0.12,0.229,113.009,audio_features,2kaH2Z8ezDUKf6fNw250rZ,spotify:track:2kaH2Z8ezDUKf6fNw250rZ,https://api.spotify.com/v1/tracks/2kaH2Z8ezDUKf6fNw250rZ,https://api.spotify.com/v1/audio-analysis/2kaH2Z8ezDUKf6fNw250rZ,169912,4,UNAVAILABLE (feat. Musa Keys),0Y3agQaa6g2r0YmHPOO9rh,Davido
0.686,0.507,1,-7.097,1,0.0357,0.626,7.51e-05,0.383,0.69,168.955,audio_features,5CM4UuQ9Gnd6K2YyKGPMoK,spotify:track:5CM4UuQ9Gnd6K2YyKGPMoK,https://api.spotify.com/v1/tracks/5CM4UuQ9Gnd6K2YyKGPMoK,https://api.spotify.com/v1/audio-analysis/5CM4UuQ9Gnd6K2YyKGPMoK,232115,4,Bad Habit,57vWImR43h4CaDao012Ofp,Steve Lacy
0.872,0.872,1,-6.328,1,0.139,0.0476,0.00112,0.0543,0.809,116.948,audio_features,2aI21FnmY7TJVKeMaoQZ0t,spotify:track:2aI21FnmY7TJVKeMaoQZ0t,https://api.spotify.com/v1/tracks/2aI21FnmY7TJVKeMaoQZ0t,https://api.spotify.com/v1/audio-analysis/2aI21FnmY7TJVKeMaoQZ0t,223080,4,Say It Right,2jw70GZXlAI8QzWeY2bgRc,Nelly Furtado
0.584,0.684,10,-4.314,0,0.567,0.312,9.05e-05,0.112,0.72,210.164,audio_features,3NRql0A1Ef4RCvT473iqgD,spotify:track:3NRql0A1Ef4RCvT473iqgD,https://api.spotify.com/v1/tracks/3NRql0A1Ef4RCvT473iqgD,https://api.spotify.com/v1/audio-analysis/3NRql0A1Ef4RCvT473iqgD,213573,4,Hell N Back,3K2Srho6NCF3o9MswGR76H,Bakar
0.912,0.507,2,-11.952,1,0.0587,0.579,0.0,0.167,0.725,134.978,audio_features,3RKjTYlQrtLXCq5ncswBPp,spotify:track:3RKjTYlQrtLXCq5ncswBPp,https://api.spotify.com/v1/tracks/3RKjTYlQrtLXCq5ncswBPp,https://api.spotify.com/v1/audio-analysis/3RKjTYlQrtLXCq5ncswBPp,115556,4,"Hey, Mickey!",3IJ21966TwNZI24MwZHMu4,Baby Tate
0.712,0.972,10,-0.514,1,0.112,0.00547,7.06e-05,0.128,0.568,119.966,audio_features,6qyS9qBy0mEk3qYaH8mPss,spotify:track:6qyS9qBy0mEk3qYaH8mPss,https://api.spotify.com/v1/tracks/6qyS9qBy0mEk3qYaH8mPss,https://api.spotify.com/v1/audio-analysis/6qyS9qBy0mEk3qYaH8mPss,145000,4,Murder In My Mind,2W6WP4pHQTFlbr2z9S4n54,Kordhell
0.73,0.907,2,-3.72,1,0.0606,0.0921,0.114,0.23,0.249,120.968,audio_features,2cSdAkzAf2T4j4aLvx4LLz,spotify:track:2cSdAkzAf2T4j4aLvx4LLz,https://api.spotify.com/v1/tracks/2cSdAkzAf2T4j4aLvx4LLz,https://api.spotify.com/v1/audio-analysis/2cSdAkzAf2T4j4aLvx4LLz,111074,4,Baby Girl,5Kmr0b3ip8g9P2i0dLTC3Z,Disco Lines
0.554,0.854,6,-6.263,0,0.0567,0.102,9.26e-05,0.554,0.387,82.012,audio_features,48CKzGWOC65n8a8kdANJV8,spotify:track:48CKzGWOC65n8a8kdANJV8,https://api.spotify.com/v1/tracks/48CKzGWOC65n8a8kdANJV8,https://api.spotify.com/v1/audio-analysis/48CKzGWOC65n8a8kdANJV8,257744,4,Only Love Can Hurt Like This - Slowed Down Version,4fwuXg6XQHfdlOdmw36OHa,Paloma Faith
0.637,0.678,0,-3.798,1,0.266,0.209,0.0,0.156,0.254,84.039,audio_features,561jH07mF1jHuk7KlaeF0s,spotify:track:561jH07mF1jHuk7KlaeF0s,https://api.spotify.com/v1/tracks/561jH07mF1jHuk7KlaeF0s,https://api.spotify.com/v1/audio-analysis/561jH07mF1jHuk7KlaeF0s,250760,4,Mockingbird,7dGJo4pcD2V6oG8kP0tJRR,Eminem
0.587,0.742,6,-6.64,0,0.0529,0.0128,0.00107,0.146,0.199,145.007,audio_features,73vIOb4Q7YN6HeJTbscRx5,spotify:track:73vIOb4Q7YN6HeJTbscRx5,https://api.spotify.com/v1/tracks/73vIOb4Q7YN6HeJTbscRx5,https://api.spotify.com/v1/audio-analysis/73vIOb4Q7YN6HeJTbscRx5,206000,4,Miss You,6TLwD7HPWuiOzvXEa3oCNe,Oliver Tree
0.768,0.714,10,-5.11,1,0.0401,0.352,0.0,0.15,0.842,131.443,audio_features,5YqEzk3C5c3UZ1D5fJUlXA,spotify:track:5YqEzk3C5c3UZ1D5fJUlXA,https://api.spotify.com/v1/tracks/5YqEzk3C5c3UZ1D5fJUlXA,https://api.spotify.com/v1/audio-analysis/5YqEzk3C5c3UZ1D5fJUlXA,163026,4,Sunroof,7qmpXeNz2ojlMl2EEfkeLs,Nicky Youre
0.559,0.871,5,-5.338,0,0.0397,7.53e-06,0.00545,0.096,0.572,104.97,audio_features,6dBUzqjtbnIa1TwYbyw5CM,spotify:track:6dBUzqjtbnIa1TwYbyw5CM,https://api.spotify.com/v1/tracks/6dBUzqjtbnIa1TwYbyw5CM,https://api.spotify.com/v1/audio-analysis/6dBUzqjtbnIa1TwYbyw5CM,213920,4,Lovers Rock,0Y6dVaC9DZtPNH4591M42W,TV Girl
0.938,0.606,6,-6.396,0,0.419,0.117,0.0,0.528,0.706,121.108,audio_features,5BmB3OaQyYXCqRyN8iR2Yi,spotify:track:5BmB3OaQyYXCqRyN8iR2Yi,https://api.spotify.com/v1/tracks/5BmB3OaQyYXCqRyN8iR2Yi,https://api.spotify.com/v1/audio-analysis/5BmB3OaQyYXCqRyN8iR2Yi,123673,4,SLUT ME OUT,0ErzCpIMyLcjPiwT4elrtZ,NLE Choppa
0.833,0.434,2,-8.795,1,0.431,0.0102,0.0219,0.165,0.281,150.062,audio_features,0VgkVdmE4gld66l8iyGjgx,spotify:track:0VgkVdmE4gld66l8iyGjgx,https://api.spotify.com/v1/tracks/0VgkVdmE4gld66l8iyGjgx,https://api.spotify.com/v1/audio-analysis/0VgkVdmE4gld66l8iyGjgx,204600,4,Mask Off,1RyvyyTE3xzB2ZywiAwp0i,Future
0.816,0.367,2,-9.354,1,0.0588,0.314,0.0,0.0987,0.413,116.035,audio_features,1SRw5p2lVAi7RGlHEmZg66,spotify:track:1SRw5p2lVAi7RGlHEmZg66,https://api.spotify.com/v1/tracks/1SRw5p2lVAi7RGlHEmZg66,https://api.spotify.com/v1/audio-analysis/1SRw5p2lVAi7RGlHEmZg66,208630,4,Favorite Song,6BH1xcDkwbbyrLMUKECsW1,Toosii
0.559,0.551,5,-7.231,1,0.132,0.141,0.0,0.11,0.392,143.008,audio_features,4iZ4pt7kvcaH6Yo8UoZ4s2,spotify:track:4iZ4pt7kvcaH6Yo8UoZ4s2,https://api.spotify.com/v1/tracks/4iZ4pt7kvcaH6Yo8UoZ4s2,https://api.spotify.com/v1/audio-analysis/4iZ4pt7kvcaH6Yo8UoZ4s2,201800,4,Snooze,7tYKF4w9nC0nq9CsPZTHyP,SZA
0.612,0.807,10,-2.81,1,0.0336,0.0495,0.0177,0.101,0.398,124.053,audio_features,2QjOHCTQ1Jl3zawyYOpxh6,spotify:track:2QjOHCTQ1Jl3zawyYOpxh6,https://api.spotify.com/v1/tracks/2QjOHCTQ1Jl3zawyYOpxh6,https://api.spotify.com/v1/audio-analysis/2QjOHCTQ1Jl3zawyYOpxh6,240400,4,Sweater Weather,77SW9BnxLY8rJ0RciFqkHh,The Neighbourhood
0.95,0.891,2,-2.653,1,0.241,0.0645,1.77e-05,0.309,0.912,133.01,audio_features,4C6Uex2ILwJi9sZXRdmqXp,spotify:track:4C6Uex2ILwJi9sZXRdmqXp,https://api.spotify.com/v1/tracks/4C6Uex2ILwJi9sZXRdmqXp,https://api.spotify.com/v1/audio-analysis/4C6Uex2ILwJi9sZXRdmqXp,170977,4,Super Freaky Girl,0hCNtLu0JehylgoiP8L4Gh,Nicki Minaj
0.78,0.689,7,-5.668,1,0.141,0.0368,9.69e-06,0.0698,0.642,115.042,audio_features,1xzi1Jcr7mEi9K2RfzLOqS,spotify:track:1xzi1Jcr7mEi9K2RfzLOqS,https://api.spotify.com/v1/tracks/1xzi1Jcr7mEi9K2RfzLOqS,https://api.spotify.com/v1/audio-analysis/1xzi1Jcr7mEi9K2RfzLOqS,225389,4,CUFF IT,6vWDO969PvNqNYHIOW5v0m,Beyonc√©
0.571,0.544,6,-10.613,1,0.0299,0.453,0.00805,0.322,0.216,132.052,audio_features,1xK59OXxi2TAAAbmZK0kBL,spotify:track:1xK59OXxi2TAAAbmZK0kBL,https://api.spotify.com/v1/tracks/1xK59OXxi2TAAAbmZK0kBL,https://api.spotify.com/v1/audio-analysis/1xK59OXxi2TAAAbmZK0kBL,132631,4,Romantic Homicide,5y8tKLUfMvliMe8IKamR32,d4vd
0.602,0.537,10,-11.389,0,0.0332,0.00118,0.947,0.289,0.428,139.94,audio_features,4pV6Kx1T9L49PBFwH1g8ca,spotify:track:4pV6Kx1T9L49PBFwH1g8ca,https://api.spotify.com/v1/tracks/4pV6Kx1T9L49PBFwH1g8ca,https://api.spotify.com/v1/audio-analysis/4pV6Kx1T9L49PBFwH1g8ca,122250,4,Aces,5FU1KYJheed7LZIM2r6KrE,dkj
0.573,0.422,10,-7.621,0,0.0678,0.551,1.31e-05,0.102,0.693,124.357,audio_features,26b3oVLrRUaaybJulow9kz,spotify:track:26b3oVLrRUaaybJulow9kz,https://api.spotify.com/v1/tracks/26b3oVLrRUaaybJulow9kz,https://api.spotify.com/v1/audio-analysis/26b3oVLrRUaaybJulow9kz,184791,5,People,7kjSuFGKhLm8b5qXoMhRkJ,Libianca
0.744,0.516,2,-6.365,1,0.0513,0.632,0.0,0.605,0.281,97.944,audio_features,474uVhyGgK5MtY9gMcDgGl,spotify:track:474uVhyGgK5MtY9gMcDgGl,https://api.spotify.com/v1/tracks/474uVhyGgK5MtY9gMcDgGl,https://api.spotify.com/v1/audio-analysis/474uVhyGgK5MtY9gMcDgGl,152293,4,It's Called: Freefall,4hz8tIajF2INpgM0qzPJz2,Rainbow Kitten Surprise
0.791,0.862,9,-3.24,0,0.11,0.037,2.19e-05,0.0814,0.592,123.994,audio_features,7ef4DlsgrMEH11cDZd32M6,spotify:track:7ef4DlsgrMEH11cDZd32M6,https://api.spotify.com/v1/tracks/7ef4DlsgrMEH11cDZd32M6,https://api.spotify.com/v1/audio-analysis/7ef4DlsgrMEH11cDZd32M6,214847,4,One Kiss (with Dua Lipa),7CajNmpbOovFoOoasH2HaY,Calvin Harris
0.9,0.509,1,-6.647,1,0.257,0.115,1.67e-06,0.0937,0.765,100.007,audio_features,27ZZdyTSQWI7Cug2d2PkqV,spotify:track:27ZZdyTSQWI7Cug2d2PkqV,https://api.spotify.com/v1/tracks/27ZZdyTSQWI7Cug2d2PkqV,https://api.spotify.com/v1/audio-analysis/27ZZdyTSQWI7Cug2d2PkqV,99283,4,BILLIE EILISH.,2qAwMsiIjTzlmfAkXKvhVA,Armani White
0.707,0.681,0,-4.325,1,0.0668,0.0632,5.15e-06,0.0322,0.646,117.999,audio_features,0yLdNVWF3Srea0uzk55zFn,spotify:track:0yLdNVWF3Srea0uzk55zFn,https://api.spotify.com/v1/tracks/0yLdNVWF3Srea0uzk55zFn,https://api.spotify.com/v1/audio-analysis/0yLdNVWF3Srea0uzk55zFn,200455,4,Flowers,5YGY8feqx7naU7z4HrwZM6,Miley Cyrus
0.516,0.322,9,-11.762,1,0.0292,0.473,0.00194,0.215,0.261,148.005,audio_features,2L9N0zZnd37dwF0clgxMGI,spotify:track:2L9N0zZnd37dwF0clgxMGI,https://api.spotify.com/v1/tracks/2L9N0zZnd37dwF0clgxMGI,https://api.spotify.com/v1/audio-analysis/2L9N0zZnd37dwF0clgxMGI,182888,3,ceilings,1GmsPCcpKgF9OhlNXjOsbS,Lizzy McAlpine
0.561,0.965,7,-3.673,0,0.0343,0.00383,7.07e-06,0.371,0.304,128.04,audio_features,4uUG5RXrOk84mYEfFvj3cK,spotify:track:4uUG5RXrOk84mYEfFvj3cK,https://api.spotify.com/v1/tracks/4uUG5RXrOk84mYEfFvj3cK,https://api.spotify.com/v1/audio-analysis/4uUG5RXrOk84mYEfFvj3cK,175238,4,I'm Good (Blue),1Cs0zKBU1kc0i8ypK3B9ai,David Guetta
0.4,0.479,8,-7.989,0,0.0308,0.0529,2.14e-06,0.115,0.213,166.159,audio_features,1Fid2jjqsHViMX6xNH70hE,spotify:track:1Fid2jjqsHViMX6xNH70hE,https://api.spotify.com/v1/tracks/1Fid2jjqsHViMX6xNH70hE,https://api.spotify.com/v1/audio-analysis/1Fid2jjqsHViMX6xNH70hE,229173,4,Atlantis,4Ly0KABsxlx4fNj63zJTrF,Seafret
0.315,0.715,11,-8.072,0,0.0362,0.00125,7.97e-06,0.0942,0.497,155.925,audio_features,6Qyc6fS4DsZjB2mRW9DsQs,spotify:track:6Qyc6fS4DsZjB2mRW9DsQs,https://api.spotify.com/v1/tracks/6Qyc6fS4DsZjB2mRW9DsQs,https://api.spotify.com/v1/audio-analysis/6Qyc6fS4DsZjB2mRW9DsQs,289533,3,Iris,2sil8z5kiy4r76CRTXxBCA,The Goo Goo Dolls
0.676,0.625,7,-5.455,0,0.0711,0.316,0.000119,0.127,0.522,171.883,audio_features,5xwBIieMMFUmLDgvG4DjFe,spotify:track:5xwBIieMMFUmLDgvG4DjFe,https://api.spotify.com/v1/tracks/5xwBIieMMFUmLDgvG4DjFe,https://api.spotify.com/v1/audio-analysis/5xwBIieMMFUmLDgvG4DjFe,205428,4,Fall In Love Alone,3sXwEUqxSzb11VpuFa5cvJ,Stacey Ryan
0.565,0.636,0,-8.198,1,0.0638,0.107,9.9e-06,0.447,0.525,170.01,audio_features,76OGwb5RA9h4FxQPT33ekc,spotify:track:76OGwb5RA9h4FxQPT33ekc,https://api.spotify.com/v1/tracks/76OGwb5RA9h4FxQPT33ekc,https://api.spotify.com/v1/audio-analysis/76OGwb5RA9h4FxQPT33ekc,179551,4,SNAP,46xBNx0j6cwY6sD9LgMTm1,Rosa Linn
0.723,0.772,1,-6.784,1,0.0792,0.00524,1.15e-05,0.367,0.58,102.004,audio_features,4cacyP5c3PMlfnyjpg13xW,spotify:track:4cacyP5c3PMlfnyjpg13xW,https://api.spotify.com/v1/tracks/4cacyP5c3PMlfnyjpg13xW,https://api.spotify.com/v1/audio-analysis/4cacyP5c3PMlfnyjpg13xW,146471,4,Betty (Get Money),2YOYua8FpudSEiB9s88IgQ,Yung Gravy
0.486,0.545,11,-7.924,1,0.0336,0.0652,0.00474,0.0642,0.0385,150.187,audio_features,4FyesJzVpA39hbYvcseO2d,spotify:track:4FyesJzVpA39hbYvcseO2d,https://api.spotify.com/v1/tracks/4FyesJzVpA39hbYvcseO2d,https://api.spotify.com/v1/audio-analysis/4FyesJzVpA39hbYvcseO2d,123891,4,Just Wanna Rock,4O15NlyKLIASxsJ0PrXPfz,Lil Uzi Vert
0.911,0.573,6,-7.43,1,0.288,0.38,0.0,0.403,0.972,140.04,audio_features,3LtpKP5abr2qqjunvjlX5i,spotify:track:3LtpKP5abr2qqjunvjlX5i,https://api.spotify.com/v1/tracks/3LtpKP5abr2qqjunvjlX5i,https://api.spotify.com/v1/audio-analysis/3LtpKP5abr2qqjunvjlX5i,97393,4,Doja,5H4yInM5zmHqpKIoMNAx4r,Central Cee
0.468,0.779,9,-4.839,1,0.0779,0.112,0.000373,0.101,0.26,173.799,audio_features,1yvMUkIOTeUNtNWlWRgANS,spotify:track:1yvMUkIOTeUNtNWlWRgANS,https://api.spotify.com/v1/tracks/1yvMUkIOTeUNtNWlWRgANS,https://api.spotify.com/v1/audio-analysis/1yvMUkIOTeUNtNWlWRgANS,217747,4,Unstoppable,5WUlDfRSoLAfcVSX1WnrxN,Sia
0.801,0.601,8,-7.574,0,0.255,0.0777,3.23e-05,0.145,0.74,159.969,audio_features,0hquQWY3xvYqN4qtiquniF,spotify:track:0hquQWY3xvYqN4qtiquniF,https://api.spotify.com/v1/tracks/0hquQWY3xvYqN4qtiquniF,https://api.spotify.com/v1/audio-analysis/0hquQWY3xvYqN4qtiquniF,182907,4,Vegas (From the Original Motion Picture Soundtrack ELVIS),5cj0lLjcoR7YOSnhnX0Po5,Doja Cat
0.445,0.537,4,-8.532,0,0.04,0.695,1.65e-05,0.0944,0.131,122.769,audio_features,3JvKfv6T31zO0ini8iNItO,spotify:track:3JvKfv6T31zO0ini8iNItO,https://api.spotify.com/v1/tracks/3JvKfv6T31zO0ini8iNItO,https://api.spotify.com/v1/audio-analysis/3JvKfv6T31zO0ini8iNItO,244360,4,Another Love,2txHhyCwHjUEpJjWrEyqyX,Tom Odell
0.44,0.317,8,-9.258,1,0.0531,0.891,4.78e-06,0.141,0.268,169.914,audio_features,6xGruZOHLs39ZbVccQTuPZ,spotify:track:6xGruZOHLs39ZbVccQTuPZ,https://api.spotify.com/v1/tracks/6xGruZOHLs39ZbVccQTuPZ,https://api.spotify.com/v1/audio-analysis/6xGruZOHLs39ZbVccQTuPZ,233456,3,Glimpse of Us,3MZsBdqDrRTJihTHQrO6Dq,Joji
0.714,0.472,2,-7.375,1,0.0864,0.013,4.51e-06,0.266,0.238,131.121,audio_features,3nqQXoyQOWXiESFLlDF1hG,spotify:track:3nqQXoyQOWXiESFLlDF1hG,https://api.spotify.com/v1/tracks/3nqQXoyQOWXiESFLlDF1hG,https://api.spotify.com/v1/audio-analysis/3nqQXoyQOWXiESFLlDF1hG,156943,4,Unholy (feat. Kim Petras),2wY79sveU1sp5g7SokKOiI,Sam Smith
